,text,topic,sentiment,prediction
0,#badenw√ºrttemberg f√ºhrt zum Jahresbeginn eine #Solardach-Pflicht bei Dachsanierungen ein. Was Eigent√ºmer jetzt wissen m√ºssen\n#Energiewende #Energiekrise #Strom #Strpoomausfall #Blackout #Gesetz \nhttps://t.co/Mi32zusc9o,Energiewende,neutral,- 'Energiewende' - 'Energiewende' - 'Energiewende' - 
1,"Trotz der #Inflation hat sich die Zahlungsmoral kaum verschlechtert, beobachten die deutschen #Inkasso-Unternehmen. Grund sei auch die niedrige Arbeitslosigkeit. https://t.co/i3ZSHN3Wqd",Wirtschaft,positiv,np.read(tweet)
2,"K√∂nnen wir Ackerfl√§chen doppelt nutzen, um Solarstrom zu erzeugen? \n#energiewende #energiewendeerkl√§rt \n\nhttps://t.co/OIklIpLiUY",Energiewende,positiv,"'Energiewende', 'Energiewende', 'Energiewende', 'Energiewende',"
3,"Wir m√ºssen Energie sparen? Das gilt offenbar nicht f√ºr #Schneekanonen.  Auch wenns komplett sinnlos ist: Speichersee leer, Schnee geschmolzen. Die vorangegangene Naturzerst√∂rung hat der #Heimat-Romantiker und #Klimakatastrophe-Relativierer #Aiwanger mit Steuergeld subventioniert https://t.co/Zp5617vxpF",Energiewende,negativ,"n = n.read_csv('%d', 'Energiewende', 'Energie"
4,Wie Putins Angriffskrieg die Ukraine stark gemacht hat https://t.co/6L6dmGLDWA,Ukraineunterst√ºtzung,neutral,t.co.uk
5,"#Lambrecht ja zeit zu gehen,#Scholz sollte ihr folgen \n#Habeck √ºbernimmt das \n#Kanzleramt \nDas w√§re ein \nBefreiungsschlag\n f√ºr #Deutschland\nUnter der #Regierung von Scholz  ist kaum tragbar !\nOberste #Priorit√§t  gilt es den #Krieg zu beenden!\nScholz ist ein \n#Tr√§umer",Ukraineunterst√ºtzung,negativ,"'Die 'Migration', 'Demokratie', 'Demokratie',"
6,Ob #Links-#Gruene Parteibonzen auch von #Strom-Abschaltung betroffen sein werden? #Stromabschaltung #Katastrophenschutz #Stromproblem #stromausfaelle #Stromausf√§lle https://t.co/5VmtDW8hcR,Energiewende,negativ,t.co.info
7,"#Gasspeicher zu 99,55% gef√ºllt.\nAb 1. Dezember geht das erste Fl√ºssiggasterminal in Betrieb und das wird die Hysterie um den Gasmangel weiter d√§mpfen.\nDesto weniger #Gas wir verbrauchen, desto weniger #Frackinggas brauchen wir. https://t.co/mGVPZXDA1o",Energiewende,positiv,n = n.readline() n = n.readline() n =
8,"Fl√ºchtlinge beziehen Berliner Pflegeheim, √úber-90-J√§hrige werden unter Tr√§nen ausquartiert. ‚ÄûSkandal√∂s‚Äú, sagt @Birgit_Kelle und @PatricHeizmann warnt vor wachsendem Politikverdruss. üëâüèªüì∫ https://t.co/9Rc9XYsSBD #Habeck #Gruene #altenheim #Fluechtlinge https://t.co/3fVhfwHbdF",Migration,negativ,"'Fluechtlinge', 'Demokratie', 'Demokratie', '"
9,Die #Energiewende muss neu gedacht werden. https://t.co/v2Ew93Hnmy,Energiewende,neutral,t.co.info
10,Der Bund √ºbernimmt jetzt Uniper. Bezahlen m√ºssen es die B√ºrger. #Habeck muss weg! #Steuergeldverschwendung ‚¨áÔ∏è https://t.co/CyMKX7bgAt,Wirtschaft,negativ,t.co.uk.
11,Der FDP faellt nichts anderes ein als Frecking und Zinsen.\nInflation ist in Spanien deutlich niedriger als in Deutschland Fragt euch mal warum ihr Schlauberger. Lindner wird von dt. TOP Oekonomen beraten.Lindner rechnet mit Inflation wie 2022.\nhttps://t.co/I7pS1JaHTW,Wirtschaft,negativ,"'Inflation', 'Demokratie', 'Demokratie', 'Demokrati"
12,Politiker fordert: ‚ÄûKein Bargeld mehr f√ºr Fl√ºchtlinge!‚Äú | Nena Brockhaus... https://t.co/XJmEwTCsIA via @YouTube,Migration,neutral,"'Facebook', 'Facebook', 'Demokratie', 'Demokratie',"
13,Die Sanktionen gegen Russland wirken auch in √ñsterreich. Danke Br√ºssel! üò± https://t.co/S3D8WXEB1p,Ukraineunterst√ºtzung,negativ,np.twitter.com/quickinfo/quickinfo/quickinfo/quickinfo/quickinfo/quick
14,"Nein, es ist die beharrlicher Schikane der Parteien, die lieber Lehrer, Beamte und andere Untertanen haben wollen. https://t.co/HOH6gphO12",Demokratie,negativ,n = n.read_tweet(n) n = n.read_tweet(
15,"Waffenlieferungen an Bedingungen in Richtung Dritten zu kn√ºpfen, um sie einer geschundenen und ums √úberleben k√§mpfende #Ukraine vor zu enthalten, ist so etwas von niedertr√§chtig und armselig. Wie tief kann man als Mensch sinken, Herr @Bundeskanzler? Wie tief noch?",Ukraineunterst√ºtzung,positiv,"'Ukraine', 'Migration', 'Demokratie', 'Demokratie"
